id,collection_name,created_at,duration_seconds,has_audio,resolution,visual_prompt,audio_prompt,compound_prompt,parent_generation_id,filename_stem
2474f1b5-9758-48c9-b907-53b7efa5c6e7,MARKOV_POET_00,2025-07-19T03:43:51.960000Z,5,False,720p,"Establishing shot of POET in Dim Bedroom - Dim bedroom stasis, EX's detachment. POET's initial <You>₀.. Focus on the visual impact of: narrative progression. The scene's ambiance is Eerie green fog with a Film-noir grain style. Use Camera dollies forward, framed as in a symmetrical layout, aspect ratio 9:16.",,"Establishing shot of POET in Dim Bedroom - Dim bedroom stasis, EX's detachment. POET's initial <You>₀.. Focus on the visual impact of: narrative progression. The scene's ambiance is Eerie green fog with a Film-noir grain style. Use Camera dollies forward, framed as in a symmetrical layout, aspect ratio 9:16.",488c9fc3-7130-4ba3-a283-8aa85f183dc7,20250719_034351_2474f1b5_720p_5s_silent_establishing_shot_of_poet_in_dim_bedroom
7534249f-2feb-4ff5-a2de-c4520a30c9ee,MARKOV_POET_00,2025-07-19T03:45:30.039000Z,5,False,720p,"Establishing shot of POET in Dim Bedroom - Dim bedroom stasis, EX's detachment. POET's initial <You>₀.. Focus on the visual impact of: narrative progression. The scene's ambiance is Eerie green fog with a Film-noir grain style. Use Camera dollies forward, framed as in a symmetrical layout, aspect ratio 9:16.",,"Establishing shot of POET in Dim Bedroom - Dim bedroom stasis, EX's detachment. POET's initial <You>₀.. Focus on the visual impact of: narrative progression. The scene's ambiance is Eerie green fog with a Film-noir grain style. Use Camera dollies forward, framed as in a symmetrical layout, aspect ratio 9:16.",c2d10bdd-d976-4265-bd30-63ffe64ba7d2,20250719_034530_7534249f_720p_5s_silent_establishing_shot_of_poet_in_dim_bedroom
0a69c776-b9de-4d1e-8e0a-cc8e9526baad,MARKOV_POET_00,2025-07-19T03:48:22.705000Z,5,False,720p,"Establishing shot of POET in Dim Bedroom - Dim bedroom stasis, EX's detachment. POET's initial <You>₀.. Focus on the visual impact of: narrative progression. The scene's ambiance is Eerie green fog with a Film-noir grain style. Use Camera dollies forward, framed as in a symmetrical layout, aspect ratio 9:16. Add flavor:",,"Establishing shot of POET in Dim Bedroom - Dim bedroom stasis, EX's detachment. POET's initial <You>₀.. Focus on the visual impact of: narrative progression. The scene's ambiance is Eerie green fog with a Film-noir grain style. Use Camera dollies forward, framed as in a symmetrical layout, aspect ratio 9:16. Add flavor:",63c6cf85-c431-48f5-a27f-aff982f9fa6f,20250719_034822_0a69c776_720p_5s_silent_establishing_shot_of_poet_in_dim_bedroom
1ea914c8-1dcf-4e11-8f2a-4206ed4c0411,MARKOV_POET_00,2025-07-19T03:50:44.346000Z,5,False,720p,"Establishing shot of POET in Dim Bedroom - Dim bedroom stasis, EX's detachment. POET's initial <You>₀.. Focus on the visual impact of: narrative progression. The scene's ambiance is Eerie green fog with a Film-noir grain style. Use Camera dollies forward, framed as in a symmetrical layout, aspect ratio 9:16. Add flavor: with graffiti tag 'Turbo Pitch 2026'.",,"Establishing shot of POET in Dim Bedroom - Dim bedroom stasis, EX's detachment. POET's initial <You>₀.. Focus on the visual impact of: narrative progression. The scene's ambiance is Eerie green fog with a Film-noir grain style. Use Camera dollies forward, framed as in a symmetrical layout, aspect ratio 9:16. Add flavor: with graffiti tag 'Turbo Pitch 2026'.",b9d087be-8f2b-47b0-84c9-cbcd43ce154e,20250719_035044_1ea914c8_720p_5s_silent_establishing_shot_of_poet_in_dim_bedroom
9f391a75-9b42-4716-9c1d-51e99daf9c37,MARKOV_POET_00,2025-07-19T03:51:26.411000Z,5,False,720p,"Establishing shot of POET in Dim Bedroom - Dim bedroom stasis, EX's detachment. POET's initial <You>₀.. Focus on the visual impact of: narrative progression. The scene's ambiance is Eerie green fog with a Film-noir grain style. Use Camera dollies forward, framed as in a symmetrical layout, aspect ratio 9:16. Add flavor: with graffiti tag 'OUT OF LIFE'.",,"Establishing shot of POET in Dim Bedroom - Dim bedroom stasis, EX's detachment. POET's initial <You>₀.. Focus on the visual impact of: narrative progression. The scene's ambiance is Eerie green fog with a Film-noir grain style. Use Camera dollies forward, framed as in a symmetrical layout, aspect ratio 9:16. Add flavor: with graffiti tag 'OUT OF LIFE'.",f3ac09e1-7770-4b75-b548-a31d04153176,20250719_035126_9f391a75_720p_5s_silent_establishing_shot_of_poet_in_dim_bedroom
bcc4949f-79b9-4c8f-800a-b4e3f4aaa366,MARKOV_POET_00,2025-07-19T03:52:47.728000Z,5,False,720p,"Establishing shot of POET in Dim Bedroom - Dim bedroom stasis, EX's detachment. POET's initial <You>₀.. Focus on the visual impact of: narrative progression. The scene's ambiance is Eerie green fog with a Film-noir grain style. Use Camera dollies forward, framed as in a symmetrical layout, aspect ratio 9:16. Add flavor:",,"Establishing shot of POET in Dim Bedroom - Dim bedroom stasis, EX's detachment. POET's initial <You>₀.. Focus on the visual impact of: narrative progression. The scene's ambiance is Eerie green fog with a Film-noir grain style. Use Camera dollies forward, framed as in a symmetrical layout, aspect ratio 9:16. Add flavor:",ee7e9a2b-86b8-450a-afbc-565ec75cc427,20250719_035247_bcc4949f_720p_5s_silent_establishing_shot_of_poet_in_dim_bedroom
90db999f-41be-4106-af9e-718e7f7b67c7,MARKOV_POET_00,2025-07-19T03:53:16.221000Z,5,False,720p,"Establishing shot of POET in Dim Bedroom - Dim bedroom stasis, EX's detachment. POET's initial <You>₀.. Focus on the visual impact of: narrative progression. The scene's ambiance is Eerie green fog with a Film-noir grain style. Use Camera dollies forward, framed as in a symmetrical layout, aspect ratio 9:16. Add flavor: with graffiti tag 'Turbo Pitch 2026'.",,"Establishing shot of POET in Dim Bedroom - Dim bedroom stasis, EX's detachment. POET's initial <You>₀.. Focus on the visual impact of: narrative progression. The scene's ambiance is Eerie green fog with a Film-noir grain style. Use Camera dollies forward, framed as in a symmetrical layout, aspect ratio 9:16. Add flavor: with graffiti tag 'Turbo Pitch 2026'.",ebae2897-0fde-4bd2-8900-165d5704705e,20250719_035316_90db999f_720p_5s_silent_establishing_shot_of_poet_in_dim_bedroom
a5a18f9d-b2b0-4a97-9c34-a9dbdf1717d5,MARKOV_POET_00,2025-07-19T04:34:37.581000Z,5,False,720p,"Overhead drone shot of POET in an unknown space - External chaos and blurring vision; EX recedes. Forces the 'LEAVE' trigger.. Focus on the visual impact of: Subjective Frame Recalibration. The scene's ambiance is Pastel sunrise palette with a Lo-fi VHS aesthetic style. Use Smooth drone shot, framed as an asymmetrical composition, aspect ratio 9:16. Add flavor: like digital echoes.",,"Overhead drone shot of POET in an unknown space - External chaos and blurring vision; EX recedes. Forces the 'LEAVE' trigger.. Focus on the visual impact of: Subjective Frame Recalibration. The scene's ambiance is Pastel sunrise palette with a Lo-fi VHS aesthetic style. Use Smooth drone shot, framed as an asymmetrical composition, aspect ratio 9:16. Add flavor: like digital echoes.",2474f1b5-9758-48c9-b907-53b7efa5c6e7,20250719_043437_a5a18f9d_720p_9s_silent_overhead_drone_shot_of_poet_in_an_unknow
5321a933-701a-4a60-8931-e65097c00560,MARKOV_POET_00,2025-07-19T04:35:29.618000Z,5,False,720p,"[
  {
    ""id"": ""POET"",
    ""type"": ""Character"",
    ""name"": ""POET"",
    ""traits"": [
      ""Protagonist"",
      ""Ego-Proxy"",
      ""Transformer"",
      ""Creator"",
      ""Observer""
    ]
  },
  {
    ""id"": ""EX"",
    ""type"": ""Character"",
    ""name"": ""EX"",
    ""traits"": [
      ""Antagonist-or-Catalyst"",
      ""Unreachable"",
      ""Elusive"",
      ""Shadow-Projection"",
      ""Past-Attachment""
    ]
  },
  {
    ""id"": ""TV_CHAOS"",
    ""type"": ""Object"",
    ""name"": ""Television Screen"",
    ""traits"": [
      ""Source-of-External-Chaos"",
      ""Reflection-of-Inner-Disorder""
    ]
  },
  {
    ""id"": ""VAPE_HAZE"",
    ""type"": ""Concept"",
    ""name"": ""Vape Haze"",
    ""traits"": [
      ""Blurring-Agent"",
      ""Obscuring-Perception"",
      ""Symbol-of-Detachment""
    ]
  }
]",,"[
  {
    ""id"": ""POET"",
    ""type"": ""Character"",
    ""name"": ""POET"",
    ""traits"": [
      ""Protagonist"",
      ""Ego-Proxy"",
      ""Transformer"",
      ""Creator"",
      ""Observer""
    ]
  },
  {
    ""id"": ""EX"",
    ""type"": ""Character"",
    ""name"": ""EX"",
    ""traits"": [
      ""Antagonist-or-Catalyst"",
      ""Unreachable"",
      ""Elusive"",
      ""Shadow-Projection"",
      ""Past-Attachment""
    ]
  },
  {
    ""id"": ""TV_CHAOS"",
    ""type"": ""Object"",
    ""name"": ""Television Screen"",
    ""traits"": [
      ""Source-of-External-Chaos"",
      ""Reflection-of-Inner-Disorder""
    ]
  },
  {
    ""id"": ""VAPE_HAZE"",
    ""type"": ""Concept"",
    ""name"": ""Vape Haze"",
    ""traits"": [
      ""Blurring-Agent"",
      ""Obscuring-Perception"",
      ""Symbol-of-Detachment""
    ]
  }
]",2474f1b5-9758-48c9-b907-53b7efa5c6e7,20250719_043529_5321a933_720p_9s_silent_id_poet_type_character_name_poet_traits
e01016b7-73d1-4d6b-a499-f160dd81791b,MARKOV_POET_00,2025-07-19T04:38:26.183000Z,5,False,720p,"My journey brings me to Dim Bedroom, as ""External chaos and blurring vision; EX recedes. Forces the 'LEAVE' trigger."" unfolds before me. I am undergoing a Subjective Frame Recalibration, as aspects of myself : Disoriented. Through it all, I am becoming You_Falling (Engaging EX).",,"My journey brings me to Dim Bedroom, as ""External chaos and blurring vision; EX recedes. Forces the 'LEAVE' trigger."" unfolds before me. I am undergoing a Subjective Frame Recalibration, as aspects of myself : Disoriented. Through it all, I am becoming You_Falling (Engaging EX).",7534249f-2feb-4ff5-a2de-c4520a30c9ee,20250719_043826_e01016b7_720p_9s_silent_my_journey_brings_me_to_dim_bedroom_as_e
72b8186d-42df-4b39-b0d4-726de421f7df,MARKOV_POET_00,2025-07-19T04:40:16.329000Z,5,False,720p,"Overhead drone shot of POET in an unknown space - External chaos and blurring vision; EX recedes. Forces the 'LEAVE' trigger.. Focus on the visual impact of: Subjective Frame Recalibration. The scene's ambiance is Pastel sunrise palette with a Lo-fi VHS aesthetic style. Use Smooth drone shot, framed as an asymmetrical composition, aspect ratio 9:16. Add flavor: like digital echoes.",,"Overhead drone shot of POET in an unknown space - External chaos and blurring vision; EX recedes. Forces the 'LEAVE' trigger.. Focus on the visual impact of: Subjective Frame Recalibration. The scene's ambiance is Pastel sunrise palette with a Lo-fi VHS aesthetic style. Use Smooth drone shot, framed as an asymmetrical composition, aspect ratio 9:16. Add flavor: like digital echoes.",0a69c776-b9de-4d1e-8e0a-cc8e9526baad,20250719_044016_72b8186d_720p_9s_silent_overhead_drone_shot_of_poet_in_an_unknow
64024978-fee8-43b5-86a3-63f73a994ae3,MARKOV_POET_00,2025-07-19T04:52:57.975000Z,5,False,720p,overhead drone shot,,overhead drone shot,72b8186d-42df-4b39-b0d4-726de421f7df,20250719_045257_64024978_720p_13s_silent_overhead_drone_shot_of_poet_in_an_unknow
cb195db7-e9a2-41d2-87b7-bd95e19a3059,MARKOV_POET_00,2025-07-19T05:07:02.941000Z,5,False,720p,,,Keyframed Visual Continuity,7afdca28-365a-411f-acf7-fb6c4a564366,20250719_050702_cb195db7_720p_5s_silent_interpolated_sequence
dc67dc88-5180-4543-851a-e9465469b84f,MARKOV_POET_00,2025-07-19T05:11:47.582000Z,5,False,720p,,,Keyframed Visual Continuity,a3a0bf99-2cb0-49aa-a6b8-465711da8948,20250719_051147_dc67dc88_720p_5s_silent_interpolated_sequence
05df5f1b-df80-43bf-ae32-ae25ad6c75c8,MARKOV_POET_00,2025-07-19T05:13:59.797000Z,5,False,720p,"My journey brings me to Dim Bedroom, as ""External chaos and blurring vision; EX recedes. Forces the 'LEAVE' trigger."" unfolds before me. I am undergoing a Subjective Frame Recalibration, as aspects of myself : Disoriented. Through it all, I am becoming You_Falling (Engaging EX).",,"My journey brings me to Dim Bedroom, as ""External chaos and blurring vision; EX recedes. Forces the 'LEAVE' trigger."" unfolds before me. I am undergoing a Subjective Frame Recalibration, as aspects of myself : Disoriented. Through it all, I am becoming You_Falling (Engaging EX).",affc5183-bd56-4f5a-9e94-cb0b7e5fd054,20250719_051359_05df5f1b_720p_5s_silent_my_journey_brings_me_to_dim_bedroom_as_e
7a701277-2916-4143-9fd8-ee86ecd826f7,MARKOV_POET_00,2025-07-19T05:15:06.393000Z,5,False,720p,"My journey brings me to Dim Bedroom, as ""External chaos and blurring vision; EX recedes. Forces the 'LEAVE' trigger."" unfolds before me. I am undergoing a Subjective Frame Recalibration, as aspects of myself : Disoriented. Through it all, I am becoming You_Falling (Engaging EX).",,"My journey brings me to Dim Bedroom, as ""External chaos and blurring vision; EX recedes. Forces the 'LEAVE' trigger."" unfolds before me. I am undergoing a Subjective Frame Recalibration, as aspects of myself : Disoriented. Through it all, I am becoming You_Falling (Engaging EX).",441d3237-f741-4453-ae31-2e941e862268,20250719_051506_7a701277_720p_5s_silent_my_journey_brings_me_to_dim_bedroom_as_e
8342f352-7969-4ad9-98f2-ebe30d9aa9b9,MARKOV_POET_00,2025-07-19T05:15:48.648000Z,5,False,720p,"My journey brings me to Dim Bedroom, as ""External chaos and blurring vision; EX recedes. Forces the 'LEAVE' trigger."" unfolds before me. I am undergoing a Subjective Frame Recalibration, as aspects of myself : Disoriented. Through it all, I am becoming You_Falling (Engaging EX).",,"My journey brings me to Dim Bedroom, as ""External chaos and blurring vision; EX recedes. Forces the 'LEAVE' trigger."" unfolds before me. I am undergoing a Subjective Frame Recalibration, as aspects of myself : Disoriented. Through it all, I am becoming You_Falling (Engaging EX).",ffbca706-31a9-4239-9b07-fc57b8bcb795,20250719_051548_8342f352_720p_5s_silent_my_journey_brings_me_to_dim_bedroom_as_e
c42d545f-fd51-4e12-bb19-8d0afdf709df,MARKOV_POET_00,2025-07-19T05:21:34.341000Z,5,False,720p,"My journey brings me to Dim Bedroom, as ""External chaos and blurring vision; EX recedes. Forces the 'LEAVE' trigger."" unfolds before me. I am undergoing a Subjective Frame Recalibration, as aspects of myself : Disoriented. Through it all, I am becoming You_Falling (Engaging EX).",,"My journey brings me to Dim Bedroom, as ""External chaos and blurring vision; EX recedes. Forces the 'LEAVE' trigger."" unfolds before me. I am undergoing a Subjective Frame Recalibration, as aspects of myself : Disoriented. Through it all, I am becoming You_Falling (Engaging EX).",a92a690e-ac79-4d32-b3bc-2cbcd60565a7,20250719_052134_c42d545f_720p_5s_silent_my_journey_brings_me_to_dim_bedroom_as_e
773afeb6-35e3-4273-af54-18b066fd3621,MARKOV_POET_00,2025-07-19T05:23:17.593000Z,5,False,720p,"[
  {
    ""id"": ""POET"",
    ""type"": ""Character"",
    ""name"": ""POET"",
    ""traits"": [
      ""Protagonist"",
      ""Ego-Proxy"",
      ""Transformer"",
      ""Creator"",
      ""Observer""
    ]
  },
  {
    ""id"": ""EX"",
    ""type"": ""Character"",
    ""name"": ""EX"",
    ""traits"": [
      ""Antagonist-or-Catalyst"",
      ""Unreachable"",
      ""Elusive"",
      ""Shadow-Projection"",
      ""Past-Attachment""
    ]
  },
  {
    ""id"": ""TV_CHAOS"",
    ""type"": ""Object"",
    ""name"": ""Television Screen"",
    ""traits"": [
      ""Source-of-External-Chaos"",
      ""Reflection-of-Inner-Disorder""
    ]
  },
  {
    ""id"": ""VAPE_HAZE"",
    ""type"": ""Concept"",
    ""name"": ""Vape Haze"",
    ""traits"": [
      ""Blurring-Agent"",
      ""Obscuring-Perception"",
      ""Symbol-of-Detachment""
    ]
  }
]",,"[
  {
    ""id"": ""POET"",
    ""type"": ""Character"",
    ""name"": ""POET"",
    ""traits"": [
      ""Protagonist"",
      ""Ego-Proxy"",
      ""Transformer"",
      ""Creator"",
      ""Observer""
    ]
  },
  {
    ""id"": ""EX"",
    ""type"": ""Character"",
    ""name"": ""EX"",
    ""traits"": [
      ""Antagonist-or-Catalyst"",
      ""Unreachable"",
      ""Elusive"",
      ""Shadow-Projection"",
      ""Past-Attachment""
    ]
  },
  {
    ""id"": ""TV_CHAOS"",
    ""type"": ""Object"",
    ""name"": ""Television Screen"",
    ""traits"": [
      ""Source-of-External-Chaos"",
      ""Reflection-of-Inner-Disorder""
    ]
  },
  {
    ""id"": ""VAPE_HAZE"",
    ""type"": ""Concept"",
    ""name"": ""Vape Haze"",
    ""traits"": [
      ""Blurring-Agent"",
      ""Obscuring-Perception"",
      ""Symbol-of-Detachment""
    ]
  }
]",f5735547-6497-4fb7-aa79-d6501224cb2f,20250719_052317_773afeb6_720p_5s_silent_id_poet_type_character_name_poet_traits
a8922cd9-fa16-4930-9b61-eac9bfc2eaf1,MARKOV_POET_00,2025-07-19T05:26:34.201000Z,5,False,720p,"At this point, POET is in a state of You_Falling (Engaging EX), navigating the Dim Bedroom. A key transformation occurring is the Subjective Frame Recalibration, which is intended to address its causes: Blurred Perception (Vape Haze). This leads to the new state: "": Disoriented"".",,"At this point, POET is in a state of You_Falling (Engaging EX), navigating the Dim Bedroom. A key transformation occurring is the Subjective Frame Recalibration, which is intended to address its causes: Blurred Perception (Vape Haze). This leads to the new state: "": Disoriented"".",a6f7c4a5-4379-4fc4-bff1-6bec32e984cf,20250719_052634_a8922cd9_720p_5s_silent_at_this_point_poet_is_in_a_state_of_you
e4c9215f-2e57-45ec-9e5c-605ac8441ffa,MARKOV_POET_00,2025-07-19T05:27:44.041000Z,5,False,720p,"[
  {
    ""id"": ""POET"",
    ""type"": ""Character"",
    ""name"": ""POET"",
    ""traits"": [
      ""Protagonist"",
      ""Ego-Proxy"",
      ""Transformer"",
      ""Creator"",
      ""Observer""
    ]
  },
  {
    ""id"": ""EX"",
    ""type"": ""Character"",
    ""name"": ""EX"",
    ""traits"": [
      ""Antagonist-or-Catalyst"",
      ""Unreachable"",
      ""Elusive"",
      ""Shadow-Projection"",
      ""Past-Attachment""
    ]
  },
  {
    ""id"": ""TV_CHAOS"",
    ""type"": ""Object"",
    ""name"": ""Television Screen"",
    ""traits"": [
      ""Source-of-External-Chaos"",
      ""Reflection-of-Inner-Disorder""
    ]
  },
  {
    ""id"": ""VAPE_HAZE"",
    ""type"": ""Concept"",
    ""name"": ""Vape Haze"",
    ""traits"": [
      ""Blurring-Agent"",
      ""Obscuring-Perception"",
      ""Symbol-of-Detachment""
    ]
  }
]",,"[
  {
    ""id"": ""POET"",
    ""type"": ""Character"",
    ""name"": ""POET"",
    ""traits"": [
      ""Protagonist"",
      ""Ego-Proxy"",
      ""Transformer"",
      ""Creator"",
      ""Observer""
    ]
  },
  {
    ""id"": ""EX"",
    ""type"": ""Character"",
    ""name"": ""EX"",
    ""traits"": [
      ""Antagonist-or-Catalyst"",
      ""Unreachable"",
      ""Elusive"",
      ""Shadow-Projection"",
      ""Past-Attachment""
    ]
  },
  {
    ""id"": ""TV_CHAOS"",
    ""type"": ""Object"",
    ""name"": ""Television Screen"",
    ""traits"": [
      ""Source-of-External-Chaos"",
      ""Reflection-of-Inner-Disorder""
    ]
  },
  {
    ""id"": ""VAPE_HAZE"",
    ""type"": ""Concept"",
    ""name"": ""Vape Haze"",
    ""traits"": [
      ""Blurring-Agent"",
      ""Obscuring-Perception"",
      ""Symbol-of-Detachment""
    ]
  }
]",f1d85108-a8c3-493a-8b57-a37db5cf95cb,20250719_052744_e4c9215f_720p_5s_silent_id_poet_type_character_name_poet_traits
db9c23a4-f15b-4751-8db5-c0fe3d93ec76,MARKOV_POET_00,2025-07-19T05:29:21.659000Z,5,False,720p,"POET is currently in a state of You_Falling (Engaging EX) at Dim Bedroom. Key goals include: Escape Stagnant Reality, Find Connection (with EX), Reclaim Emotional Core and Agency, Manifest a New Reality (Atlantis/Temple), Integrate Past Relationships (EX, Mother, Father), Achieve Personal Autonomy, Embrace Cyclical Impermanence, Understand the Cyclical Nature of Existence. A major shift, Subjective Frame Recalibration, is transforming the experience, leading to "": Disoriented"".",,"POET is currently in a state of You_Falling (Engaging EX) at Dim Bedroom. Key goals include: Escape Stagnant Reality, Find Connection (with EX), Reclaim Emotional Core and Agency, Manifest a New Reality (Atlantis/Temple), Integrate Past Relationships (EX, Mother, Father), Achieve Personal Autonomy, Embrace Cyclical Impermanence, Understand the Cyclical Nature of Existence. A major shift, Subjective Frame Recalibration, is transforming the experience, leading to "": Disoriented"".",a792b720-e3e6-4bc7-9f94-72a42f4afad3,20250719_052921_db9c23a4_720p_5s_silent_poet_is_currently_in_a_state_of_you_fall
c3da8350-da21-4dee-bdd6-e9cfdd089186,MARKOV_POET_00,2025-07-19T05:37:13.936000Z,5,False,720p,"""timestamp"": ""00:01:03"",
          ""image_path"": ""/Users/gaia/resurrecting atlantis/CAT/WHISKER/WGY004_PI__Subjective_Frame_Recalibration__A_televi_c6143380-89c4-4c46-b3b0-cf6ee0b53735_0.png"",
          ""id"": ""WGY004"",
          ""poem"": ""WHERE YOU GO WHEN YOU LEAVE PART 2"",
          ""imageType"": ""Perception-Image"",
          ""syntagmaType"": ""Descriptive Syntagma (DS)"",
          ""content"": ""TV displays images of world's chaos."",
          ""cineosisFunction"": ""Subjective Frame Recalibration"",
          ""operativeEkphrasis"": ""A television screen cycles through rapid, chaotic world events."",
          ""styleConditioning"": ""Photo-realistic, close-up on TV screen, montage of war, protests, natural disasters, flickering chaotic imagery, desaturated tones."",
          ""full_prompt"": ""PI · Subjective Frame Recalibration · A television screen cycles through rapid, chaotic world events · Photo-realistic, close-up on TV screen, montage of war, protests, natural disasters, flickering chaotic imagery, desaturated tones.""
        },",,"""timestamp"": ""00:01:03"",
          ""image_path"": ""/Users/gaia/resurrecting atlantis/CAT/WHISKER/WGY004_PI__Subjective_Frame_Recalibration__A_televi_c6143380-89c4-4c46-b3b0-cf6ee0b53735_0.png"",
          ""id"": ""WGY004"",
          ""poem"": ""WHERE YOU GO WHEN YOU LEAVE PART 2"",
          ""imageType"": ""Perception-Image"",
          ""syntagmaType"": ""Descriptive Syntagma (DS)"",
          ""content"": ""TV displays images of world's chaos."",
          ""cineosisFunction"": ""Subjective Frame Recalibration"",
          ""operativeEkphrasis"": ""A television screen cycles through rapid, chaotic world events."",
          ""styleConditioning"": ""Photo-realistic, close-up on TV screen, montage of war, protests, natural disasters, flickering chaotic imagery, desaturated tones."",
          ""full_prompt"": ""PI · Subjective Frame Recalibration · A television screen cycles through rapid, chaotic world events · Photo-realistic, close-up on TV screen, montage of war, protests, natural disasters, flickering chaotic imagery, desaturated tones.""
        },",94cb576c-2ebf-4a84-9e64-ad296363c670,20250719_053713_c3da8350_720p_5s_silent_timestamp_000103_image_path_usersgaiares
98f0499c-9364-4e79-a15f-d5668a66d6b1,MARKOV_POET_00,2025-07-19T05:40:51.896000Z,5,False,720p,"Overhead drone shot of POET in an unknown space - External chaos and blurring vision; EX recedes. Forces the 'LEAVE' trigger.. Focus on the visual impact of: Subjective Frame Recalibration. The scene's ambiance is Pastel sunrise palette with a Lo-fi VHS aesthetic style. Use Smooth drone shot, framed as an asymmetrical composition, aspect ratio 9:16. Add flavor: like digital echoes.",,"Overhead drone shot of POET in an unknown space - External chaos and blurring vision; EX recedes. Forces the 'LEAVE' trigger.. Focus on the visual impact of: Subjective Frame Recalibration. The scene's ambiance is Pastel sunrise palette with a Lo-fi VHS aesthetic style. Use Smooth drone shot, framed as an asymmetrical composition, aspect ratio 9:16. Add flavor: like digital echoes.",be18f17d-d626-47f1-a60e-e37eb26e2c58,20250719_054051_98f0499c_720p_5s_silent_overhead_drone_shot_of_poet_in_an_unknow
234d5fdb-dfcb-4359-ba11-0085dd68337b,MARKOV_POET_00,2025-07-19T05:41:02.455000Z,5,False,720p,"Overhead drone shot of POET in an unknown space - External chaos and blurring vision; EX recedes. Forces the 'LEAVE' trigger.. Focus on the visual impact of: Subjective Frame Recalibration. The scene's ambiance is Pastel sunrise palette with a Lo-fi VHS aesthetic style. Use Smooth drone shot, framed as an asymmetrical composition, aspect ratio 9:16. Add flavor: like digital echoes.",,"Overhead drone shot of POET in an unknown space - External chaos and blurring vision; EX recedes. Forces the 'LEAVE' trigger.. Focus on the visual impact of: Subjective Frame Recalibration. The scene's ambiance is Pastel sunrise palette with a Lo-fi VHS aesthetic style. Use Smooth drone shot, framed as an asymmetrical composition, aspect ratio 9:16. Add flavor: like digital echoes.",be18f17d-d626-47f1-a60e-e37eb26e2c58,20250719_054102_234d5fdb_720p_5s_silent_overhead_drone_shot_of_poet_in_an_unknow
67bef226-5aad-447f-ba01-cbd1dab5f0dd,MARKOV_POET_00,2025-07-19T05:52:38.778000Z,5,False,720p,"""full_prompt"": ""CS · Causal Motion Trigger · EX, back turned, vapes on a fire escape outside a bedroom window · Photo-realistic, wide shot, EX (back to camera, never showing face), vape cloud, gritty fire escape, high-rise window frame, urban backdrop.""",,"""full_prompt"": ""CS · Causal Motion Trigger · EX, back turned, vapes on a fire escape outside a bedroom window · Photo-realistic, wide shot, EX (back to camera, never showing face), vape cloud, gritty fire escape, high-rise window frame, urban backdrop.""",de0f0438-6411-4e33-9e13-2467b6b6697e,20250719_055238_67bef226_720p_5s_silent_full_prompt_cs_causal_motion_trigger_ex
ebe2426d-1585-4063-ae04-58f35167597a,MARKOV_POET_00,2025-07-19T05:53:29.713000Z,5,False,720p,,,Keyframed Visual Continuity,7a3e62e9-c4f7-48b6-8576-e23778f39208,20250719_055329_ebe2426d_720p_9s_silent_interpolated_sequence
67e5b1cb-8b37-432f-8da1-2c0c35fcb7dc,MARKOV_POET_00,2025-07-19T05:58:41.617000Z,5,False,1080p,"""full_prompt"": ""DS · Mood Environment Stabilizer · A dimly lit plain bedroom in a high-rise apartment · Photo-realistic, minimalist bedroom, urban high-rise window, blue-grey dim lighting, subtle dust motes in air.""
        },
    {

          ""full_prompt"": ""CS · Causal Motion Trigger · POET, wearing a black t-shirt, reads a poem aloud · Photo-realistic, medium shot, soft internal light on POET (black t-shirt), face focused, expressive reading.""
        },
    {
      
          ""full_prompt"": ""CS · Causal Motion Trigger · EX, back turned, vapes on a fire escape outside a bedroom window · Photo-realistic, wide shot, EX (back to camera, never showing face), vape cloud, gritty fire escape, high-rise window frame, urban backdrop.""
        },",,"""full_prompt"": ""DS · Mood Environment Stabilizer · A dimly lit plain bedroom in a high-rise apartment · Photo-realistic, minimalist bedroom, urban high-rise window, blue-grey dim lighting, subtle dust motes in air.""
        },
    {

          ""full_prompt"": ""CS · Causal Motion Trigger · POET, wearing a black t-shirt, reads a poem aloud · Photo-realistic, medium shot, soft internal light on POET (black t-shirt), face focused, expressive reading.""
        },
    {
      
          ""full_prompt"": ""CS · Causal Motion Trigger · EX, back turned, vapes on a fire escape outside a bedroom window · Photo-realistic, wide shot, EX (back to camera, never showing face), vape cloud, gritty fire escape, high-rise window frame, urban backdrop.""
        },",1a518c63-72ad-4338-9cf5-6263c9b54f8c,20250719_055841_67e5b1cb_1080p_21s_silent_full_prompt_ds_mood_environment_stabiliz
349b41ba-e0e2-4a5a-8a1d-c98921a2b5bb,MARKOV_POET_00,2025-07-19T06:02:09.508000Z,5,False,720p,,,Keyframed Visual Continuity,7a3e62e9-c4f7-48b6-8576-e23778f39208,20250719_060209_349b41ba_720p_9s_silent_interpolated_sequence
445aad93-735b-4c7f-a121-a2271dc8f36a,MARKOV_POET_00,2025-07-19T06:06:38.124000Z,5,False,720p,,,Keyframed Visual Continuity,c7af5ef2-572f-4ef8-a998-b28c877f49f8,20250719_060638_445aad93_720p_25s_silent_interpolated_sequence
bbcdf587-6dcc-4d43-b8de-52341f309bc3,MARKOV_POET_00,2025-07-19T06:15:51.847000Z,5,False,720p,"[
  {
    ""id"": ""POET"",
    ""type"": ""Character"",
    ""name"": ""POET"",
    ""traits"": [
      ""Protagonist"",
      ""Ego-Proxy"",
      ""Transformer"",
      ""Creator"",
      ""Observer""
    ]
  },
  {
    ""id"": ""EX"",
    ""type"": ""Character"",
    ""name"": ""EX"",
    ""traits"": [
      ""Antagonist-or-Catalyst"",
      ""Unreachable"",
      ""Elusive"",
      ""Shadow-Projection"",
      ""Past-Attachment""
    ]
  },
  {
    ""id"": ""TV_CHAOS"",
    ""type"": ""Object"",
    ""name"": ""Television Screen"",
    ""traits"": [
      ""Source-of-External-Chaos"",
      ""Reflection-of-Inner-Disorder""
    ]
  },
  {
    ""id"": ""VAPE_HAZE"",
    ""type"": ""Concept"",
    ""name"": ""Vape Haze"",
    ""traits"": [
      ""Blurring-Agent"",
      ""Obscuring-Perception"",
      ""Symbol-of-Detachment""
    ]
  }
]",,"[
  {
    ""id"": ""POET"",
    ""type"": ""Character"",
    ""name"": ""POET"",
    ""traits"": [
      ""Protagonist"",
      ""Ego-Proxy"",
      ""Transformer"",
      ""Creator"",
      ""Observer""
    ]
  },
  {
    ""id"": ""EX"",
    ""type"": ""Character"",
    ""name"": ""EX"",
    ""traits"": [
      ""Antagonist-or-Catalyst"",
      ""Unreachable"",
      ""Elusive"",
      ""Shadow-Projection"",
      ""Past-Attachment""
    ]
  },
  {
    ""id"": ""TV_CHAOS"",
    ""type"": ""Object"",
    ""name"": ""Television Screen"",
    ""traits"": [
      ""Source-of-External-Chaos"",
      ""Reflection-of-Inner-Disorder""
    ]
  },
  {
    ""id"": ""VAPE_HAZE"",
    ""type"": ""Concept"",
    ""name"": ""Vape Haze"",
    ""traits"": [
      ""Blurring-Agent"",
      ""Obscuring-Perception"",
      ""Symbol-of-Detachment""
    ]
  }
]",445aad93-735b-4c7f-a121-a2271dc8f36a,20250719_061551_bbcdf587_720p_32s_silent_id_poet_type_character_name_poet_traits
4c1980ee-1468-438e-a708-b7ebc5276da6,MARKOV_POET_00,2025-07-19T06:41:21.404000Z,5,False,720p,full prompt    ds,,full prompt    ds,67e5b1cb-8b37-432f-8da1-2c0c35fcb7dc,20250719_064121_4c1980ee_720p_29s_silent_full_prompt_ds_mood_environment_stabiliz
a1e1a8ae-4209-4c49-8544-edc12c251983,MARKOV_POET_00,2025-07-19T06:54:20.410000Z,5,False,720p,"""full_prompt"": ""DS · Mood Environment Stabilizer · A dimly lit plain bedroom in a high-rise apartment · Photo-realistic, minimalist bedroom, urban high-rise window, blue-grey dim lighting, subtle dust motes in air.""
        },
    {

          ""full_prompt"": ""CS · Causal Motion Trigger · POET, wearing a black t-shirt, reads a poem aloud · Photo-realistic, medium shot, soft internal light on POET (black t-shirt), face focused, expressive reading.""
        },
    {
      
          ""full_prompt"": ""CS · Causal Motion Trigger · EX, back turned, vapes on a fire escape outside a bedroom window · Photo-realistic, wide shot, EX (back to camera, never showing face), vape cloud, gritty fire escape, high-rise window frame, urban backdrop.""
        },",,"""full_prompt"": ""DS · Mood Environment Stabilizer · A dimly lit plain bedroom in a high-rise apartment · Photo-realistic, minimalist bedroom, urban high-rise window, blue-grey dim lighting, subtle dust motes in air.""
        },
    {

          ""full_prompt"": ""CS · Causal Motion Trigger · POET, wearing a black t-shirt, reads a poem aloud · Photo-realistic, medium shot, soft internal light on POET (black t-shirt), face focused, expressive reading.""
        },
    {
      
          ""full_prompt"": ""CS · Causal Motion Trigger · EX, back turned, vapes on a fire escape outside a bedroom window · Photo-realistic, wide shot, EX (back to camera, never showing face), vape cloud, gritty fire escape, high-rise window frame, urban backdrop.""
        },",8b14aa65-8161-45df-aa62-841d891537cc,20250719_065420_a1e1a8ae_720p_29s_silent_full_prompt_ds_mood_environment_stabiliz
a9a29752-9822-476b-9416-884bc0f62b76,MARKOV_POET_00,2025-07-19T07:00:45.333000Z,5,False,720p,"""full_prompt"": ""DS · Mood Environment Stabilizer · A dimly lit plain bedroom in a high-rise apartment · Photo-realistic, minimalist bedroom, urban high-rise window, blue-grey dim lighting, subtle dust motes in air.""
        },
    {

          ""full_prompt"": ""CS · Causal Motion Trigger · POET, wearing a black t-shirt, reads a poem aloud · Photo-realistic, medium shot, soft internal light on POET (black t-shirt), face focused, expressive reading.""
        },
    {
      
          ""full_prompt"": ""CS · Causal Motion Trigger · EX, back turned, vapes on a fire escape outside a bedroom window · Photo-realistic, wide shot, EX (back to camera, never showing face), vape cloud, gritty fire escape, high-rise window frame, urban backdrop.""
        },",,"""full_prompt"": ""DS · Mood Environment Stabilizer · A dimly lit plain bedroom in a high-rise apartment · Photo-realistic, minimalist bedroom, urban high-rise window, blue-grey dim lighting, subtle dust motes in air.""
        },
    {

          ""full_prompt"": ""CS · Causal Motion Trigger · POET, wearing a black t-shirt, reads a poem aloud · Photo-realistic, medium shot, soft internal light on POET (black t-shirt), face focused, expressive reading.""
        },
    {
      
          ""full_prompt"": ""CS · Causal Motion Trigger · EX, back turned, vapes on a fire escape outside a bedroom window · Photo-realistic, wide shot, EX (back to camera, never showing face), vape cloud, gritty fire escape, high-rise window frame, urban backdrop.""
        },",ff4e2dd3-f2a1-4150-9597-c1b595c8a4a7,20250719_070045_a9a29752_720p_29s_silent_full_prompt_ds_mood_environment_stabiliz
b3ac7019-b817-41d1-b2d9-0e9ddd7bfe37,MARKOV_POET_00,2025-07-19T07:17:36.043000Z,5,False,720p,"""full_prompt"": ""DS · Mood Environment Stabilizer · A dimly lit plain bedroom in a high-rise apartment · Photo-realistic, minimalist bedroom, urban high-rise window, blue-grey dim lighting, subtle dust motes in air.""
        },
    {

          ""full_prompt"": ""CS · Causal Motion Trigger · POET, wearing a black t-shirt, reads a poem aloud · Photo-realistic, medium shot, soft internal light on POET (black t-shirt), face focused, expressive reading.""
        },
    {
      
          ""full_prompt"": ""CS · Causal Motion Trigger · EX, back turned, vapes on a fire escape outside a bedroom window · Photo-realistic, wide shot, EX (back to camera, never showing face), vape cloud, gritty fire escape, high-rise window frame, urban backdrop.""
        },",,"""full_prompt"": ""DS · Mood Environment Stabilizer · A dimly lit plain bedroom in a high-rise apartment · Photo-realistic, minimalist bedroom, urban high-rise window, blue-grey dim lighting, subtle dust motes in air.""
        },
    {

          ""full_prompt"": ""CS · Causal Motion Trigger · POET, wearing a black t-shirt, reads a poem aloud · Photo-realistic, medium shot, soft internal light on POET (black t-shirt), face focused, expressive reading.""
        },
    {
      
          ""full_prompt"": ""CS · Causal Motion Trigger · EX, back turned, vapes on a fire escape outside a bedroom window · Photo-realistic, wide shot, EX (back to camera, never showing face), vape cloud, gritty fire escape, high-rise window frame, urban backdrop.""
        },",a9a29752-9822-476b-9416-884bc0f62b76,20250719_071736_b3ac7019_720p_33s_silent_interpolated_sequence
5b9ec655-7306-4267-a79e-1357e39e908f,MARKOV_POET_00,2025-07-19T07:19:53.927000Z,5,False,720p,"POET is currently in a state of You_Falling (Engaging EX) at Inky Abyss. Key goals include: Escape Stagnant Reality, Find Connection (with EX), Reclaim Emotional Core and Agency, Manifest a New Reality (Atlantis/Temple), Integrate Past Relationships (EX, Mother, Father), Achieve Personal Autonomy, Embrace Cyclical Impermanence, Understand the Cyclical Nature of Existence. A major shift, Descent Initiated, is transforming the experience, leading to "": You_Falling"".",,"POET is currently in a state of You_Falling (Engaging EX) at Inky Abyss. Key goals include: Escape Stagnant Reality, Find Connection (with EX), Reclaim Emotional Core and Agency, Manifest a New Reality (Atlantis/Temple), Integrate Past Relationships (EX, Mother, Father), Achieve Personal Autonomy, Embrace Cyclical Impermanence, Understand the Cyclical Nature of Existence. A major shift, Descent Initiated, is transforming the experience, leading to "": You_Falling"".",67bef226-5aad-447f-ba01-cbd1dab5f0dd,20250719_071953_5b9ec655_720p_13s_silent_poet_is_currently_in_a_state_of_you_fall
4cfa729a-b8d4-4a0a-ba8b-27695912c8be,MARKOV_POET_00,2025-07-19T07:34:04.142000Z,5,False,720p,,,Keyframed Visual Continuity,1457af04-1351-4d4b-8121-a1c164a973b7,20250719_073404_4cfa729a_720p_5s_silent_interpolated_sequence
8aff03e4-a15d-4067-8a26-60689485fda6,MARKOV_POET_00,2025-07-19T07:38:30.409000Z,5,False,720p,"Here in Inky Abyss, a new chapter begins, marked by: ""EX and POET fall into inky abyss; screen blacks out. Entering the deep unconscious."". The narrative takes a turn with the Descent Initiated, leading to a sense of "": You_Falling"". Through it all, I am becoming You_Falling (Engaging EX).",,"Here in Inky Abyss, a new chapter begins, marked by: ""EX and POET fall into inky abyss; screen blacks out. Entering the deep unconscious."". The narrative takes a turn with the Descent Initiated, leading to a sense of "": You_Falling"". Through it all, I am becoming You_Falling (Engaging EX).",4cfa729a-b8d4-4a0a-ba8b-27695912c8be,20250719_073830_8aff03e4_720p_13s_silent_here_in_inky_abyss_a_new_chapter_begins
d5abc940-54af-4992-b173-cd32e82b1b17,MARKOV_POET_00,2025-07-19T07:51:24.108000Z,5,False,720p,"POV shot through a glitching filter of POET in Inky Abyss - EX and POET fall into inky abyss; screen blacks out. Entering the deep unconscious.. Focus on the visual impact of: Descent Initiated. The scene's ambiance is Vibrant, kaleidoscopic light with a Psychedelic, abstract style. Use Camera dollies forward, framed as in a symmetrical layout, aspect ratio 9:16. Add flavor:",,"POV shot through a glitching filter of POET in Inky Abyss - EX and POET fall into inky abyss; screen blacks out. Entering the deep unconscious.. Focus on the visual impact of: Descent Initiated. The scene's ambiance is Vibrant, kaleidoscopic light with a Psychedelic, abstract style. Use Camera dollies forward, framed as in a symmetrical layout, aspect ratio 9:16. Add flavor:",4cfa729a-b8d4-4a0a-ba8b-27695912c8be,20250719_075124_d5abc940_720p_9s_silent_pov_shot_through_a_glitching_filter_of_p
8e5ebf2d-9325-4df3-b370-ba040df33148,MARKOV_POET_00,2025-07-19T07:54:31.943000Z,5,False,720p,"[
  {
    ""id"": ""POET"",
    ""type"": ""Character"",
    ""name"": ""POET"",
    ""traits"": [
      ""Protagonist"",
      ""Ego-Proxy"",
      ""Transformer"",
      ""Creator"",
      ""Observer""
    ]
  },
  {
    ""id"": ""EX"",
    ""type"": ""Character"",
    ""name"": ""EX"",
    ""traits"": [
      ""Antagonist-or-Catalyst"",
      ""Unreachable"",
      ""Elusive"",
      ""Shadow-Projection"",
      ""Past-Attachment""
    ]
  },
  {
    ""id"": ""INKY_ABYSS"",
    ""type"": ""Location"",
    ""name"": ""Inky Abyss"",
    ""traits"": [
      ""Profound-Void"",
      ""Unconscious-Descent"",
      ""No-Place""
    ],
    ""fixed_position"": [
      0.5,
      0.1
    ]
  }
]",,"[
  {
    ""id"": ""POET"",
    ""type"": ""Character"",
    ""name"": ""POET"",
    ""traits"": [
      ""Protagonist"",
      ""Ego-Proxy"",
      ""Transformer"",
      ""Creator"",
      ""Observer""
    ]
  },
  {
    ""id"": ""EX"",
    ""type"": ""Character"",
    ""name"": ""EX"",
    ""traits"": [
      ""Antagonist-or-Catalyst"",
      ""Unreachable"",
      ""Elusive"",
      ""Shadow-Projection"",
      ""Past-Attachment""
    ]
  },
  {
    ""id"": ""INKY_ABYSS"",
    ""type"": ""Location"",
    ""name"": ""Inky Abyss"",
    ""traits"": [
      ""Profound-Void"",
      ""Unconscious-Descent"",
      ""No-Place""
    ],
    ""fixed_position"": [
      0.5,
      0.1
    ]
  }
]",6b29a61f-ac78-4da3-9788-f1e58e94b419,20250719_075431_8e5ebf2d_720p_5s_silent_id_poet_type_character_name_poet_traits
d1dfc1d0-11bf-4d2c-bf07-2953a7ea7e44,MARKOV_POET_00,2025-07-19T08:11:27.124000Z,5,False,720p,"Here in Inky Abyss, a new chapter begins, marked by: ""EX and POET fall into inky abyss; screen blacks out. Entering the deep unconscious."". The narrative takes a turn with the Descent Initiated, leading to a sense of "": You_Falling"". Through it all, I am becoming You_Falling (Engaging EX).",,"Here in Inky Abyss, a new chapter begins, marked by: ""EX and POET fall into inky abyss; screen blacks out. Entering the deep unconscious."". The narrative takes a turn with the Descent Initiated, leading to a sense of "": You_Falling"". Through it all, I am becoming You_Falling (Engaging EX).",8e5ebf2d-9325-4df3-b370-ba040df33148,20250719_081127_d1dfc1d0_720p_9s_silent_here_in_inky_abyss_a_new_chapter_begins
3af36c41-44c7-484c-a524-ce74612ce833,MARKOV_POET_00,2025-07-19T08:16:08.239000Z,5,False,720p,"""full_prompt"": ""DS · Mood Environment Stabilizer · A dimly lit plain bedroom in a high-rise apartment · Photo-realistic, minimalist bedroom, urban high-rise window, blue-grey dim lighting, subtle dust motes in air.""
        },
    {

          ""full_prompt"": ""CS · Causal Motion Trigger · POET, wearing a black t-shirt, reads a poem aloud · Photo-realistic, medium shot, soft internal light on POET (black t-shirt), face focused, expressive reading.""
        },
    {
      
          ""full_prompt"": ""CS · Causal Motion Trigger · EX, back turned, vapes on a fire escape outside a bedroom window · Photo-realistic, wide shot, EX (back to camera, never showing face), vape cloud, gritty fire escape, high-rise window frame, urban backdrop.""
        },",,"""full_prompt"": ""DS · Mood Environment Stabilizer · A dimly lit plain bedroom in a high-rise apartment · Photo-realistic, minimalist bedroom, urban high-rise window, blue-grey dim lighting, subtle dust motes in air.""
        },
    {

          ""full_prompt"": ""CS · Causal Motion Trigger · POET, wearing a black t-shirt, reads a poem aloud · Photo-realistic, medium shot, soft internal light on POET (black t-shirt), face focused, expressive reading.""
        },
    {
      
          ""full_prompt"": ""CS · Causal Motion Trigger · EX, back turned, vapes on a fire escape outside a bedroom window · Photo-realistic, wide shot, EX (back to camera, never showing face), vape cloud, gritty fire escape, high-rise window frame, urban backdrop.""
        },",b3ac7019-b817-41d1-b2d9-0e9ddd7bfe37,20250719_081608_3af36c41_720p_28s_silent_interpolated_sequence
eb298ed7-27f0-453c-b743-5ec0f252157d,MARKOV_POET_00,2025-07-19T08:17:27.427000Z,5,False,720p,"Here in Inky Abyss, a new chapter begins, marked by: ""EX and POET fall into inky abyss; screen blacks out. Entering the deep unconscious."". The narrative takes a turn with the Descent Initiated, leading to a sense of "": You_Falling"". Through it all, I am becoming You_Falling (Engaging EX).",,"Here in Inky Abyss, a new chapter begins, marked by: ""EX and POET fall into inky abyss; screen blacks out. Entering the deep unconscious."". The narrative takes a turn with the Descent Initiated, leading to a sense of "": You_Falling"". Through it all, I am becoming You_Falling (Engaging EX).",d1dfc1d0-11bf-4d2c-bf07-2953a7ea7e44,20250719_081727_eb298ed7_720p_13s_silent_here_in_inky_abyss_a_new_chapter_begins
af9410b7-1687-472a-955e-ddd4798a0e18,MARKOV_POET_00,2025-07-19T08:25:58.413000Z,5,False,720p,here in inky abyss,,here in inky abyss,eb298ed7-27f0-453c-b743-5ec0f252157d,20250719_082558_af9410b7_720p_17s_silent_here_in_inky_abyss_a_new_chapter_begins
cc6917c6-ac49-4a5a-adb5-75f43085d1dc,MARKOV_POET_00,2025-07-19T08:31:33.319000Z,5,False,720p,here in inky abyss,,here in inky abyss,eb298ed7-27f0-453c-b743-5ec0f252157d,20250719_083133_cc6917c6_720p_17s_silent_here_in_inky_abyss_a_new_chapter_begins
6e80b1bd-7b50-4cc6-921a-1f76d8bee404,MARKOV_POET_00,2025-07-19T08:34:55.124000Z,5,False,720p,here in inky abyss,,here in inky abyss,af9410b7-1687-472a-955e-ddd4798a0e18,20250719_083455_6e80b1bd_720p_25s_silent_here_in_inky_abyss_a_new_chapter_begins
c81cb1b0-52a4-4137-b56f-9b2eb0132d0a,MARKOV_POET_00,2025-07-19T08:51:21.583000Z,5,False,720p,"My journey brings me to Dim Bedroom, as ""External chaos and blurring vision; EX recedes. Forces the 'LEAVE' trigger."" unfolds before me. I am undergoing a Subjective Frame Recalibration, as aspects of myself : Disoriented. Through it all, I am becoming You_Falling (Engaging EX).",,"My journey brings me to Dim Bedroom, as ""External chaos and blurring vision; EX recedes. Forces the 'LEAVE' trigger."" unfolds before me. I am undergoing a Subjective Frame Recalibration, as aspects of myself : Disoriented. Through it all, I am becoming You_Falling (Engaging EX).",ef144131-354c-4cac-b3a2-fc6b357f597a,20250719_085121_c81cb1b0_720p_26s_silent_my_journey_brings_me_to_dim_bedroom_as_e
84592d51-5519-4ef3-9e82-728d1d45d0fa,MARKOV_POET_00,2025-07-19T09:36:42.305000Z,5,False,1080p,should feel more abstact this is pre film.  think of this like art film like saul bass and john whitney would make,,should feel more abstact this is pre film.  think of this like art film like saul bass and john whitney would make,2d3f48af-4e6d-4aa8-b635-6831277c3f21,20250719_093642_84592d51_1080p_5s_silent_should_feel_more_abstact_this_is_pre_fil
9d16432c-6ef6-4d3e-ab06-8876fe3dbcbd,MARKOV_POET_00,2025-07-19T09:38:18.785000Z,5,False,720p,more minimal and abstract with neon touches more grit and grain,,more minimal and abstract with neon touches more grit and grain,4324c3f9-2dec-448a-9b46-a6b171b8d2ff,20250719_093818_9d16432c_720p_5s_silent_more_minimal_and_abstract_with_neon_touc
e3e52e35-c512-4041-9e21-0a32600b1570,MARKOV_POET_00,2025-07-19T09:39:50.198000Z,5,False,720p,more minimal and abstract with neon touches more grit and grain,,more minimal and abstract with neon touches more grit and grain,4324c3f9-2dec-448a-9b46-a6b171b8d2ff,20250719_093950_e3e52e35_720p_5s_silent_more_minimal_and_abstract_with_neon_touc
a11b84af-ea36-4e1b-a2a3-4870b3d1da2d,MARKOV_POET_00,2025-07-19T09:48:07.866000Z,5,False,720p,,,Keyframed Visual Continuity,d0eccc44-151f-42ba-bf20-bc2177cdb1db,20250719_094807_a11b84af_720p_9s_silent_interpolated_sequence
b072cfc2-6718-457c-ad6f-05cae38d884a,MARKOV_POET_00,2025-07-19T09:53:18.127000Z,5,False,720p,,,Keyframed Visual Continuity,c4ea9327-becb-43cc-a817-636d21706cf9,20250719_095318_b072cfc2_720p_13s_silent_interpolated_sequence
8478f997-0b09-41f3-93f2-de5c144d0b8b,MARKOV_POET_00,2025-07-19T09:57:36.529000Z,5,False,720p,more minimal and,,more minimal and,e3e52e35-c512-4041-9e21-0a32600b1570,20250719_095736_8478f997_720p_9s_silent_more_minimal_and_abstract_with_neon_touc
173e50a6-417d-42dc-b48f-22b161ffa83c,MARKOV_POET_00,2025-07-19T10:02:45.834000Z,5,False,720p,"""full_prompt"": ""DS · Mood Environment Stabilizer · A dimly lit plain bedroom in a high-rise apartment · Photo-realistic, minimalist bedroom, urban high-rise window, blue-grey dim lighting, subtle dust motes in air.""
        },
    {

          ""full_prompt"": ""CS · Causal Motion Trigger · POET, wearing a black t-shirt, reads a poem aloud · Photo-realistic, medium shot, soft internal light on POET (black t-shirt), face focused, expressive reading.""
        },
    {
      
          ""full_prompt"": ""CS · Causal Motion Trigger · EX, back turned, vapes on a fire escape outside a bedroom window · Photo-realistic, wide shot, EX (back to camera, never showing face), vape cloud, gritty fire escape, high-rise window frame, urban backdrop.""
        },",,"""full_prompt"": ""DS · Mood Environment Stabilizer · A dimly lit plain bedroom in a high-rise apartment · Photo-realistic, minimalist bedroom, urban high-rise window, blue-grey dim lighting, subtle dust motes in air.""
        },
    {

          ""full_prompt"": ""CS · Causal Motion Trigger · POET, wearing a black t-shirt, reads a poem aloud · Photo-realistic, medium shot, soft internal light on POET (black t-shirt), face focused, expressive reading.""
        },
    {
      
          ""full_prompt"": ""CS · Causal Motion Trigger · EX, back turned, vapes on a fire escape outside a bedroom window · Photo-realistic, wide shot, EX (back to camera, never showing face), vape cloud, gritty fire escape, high-rise window frame, urban backdrop.""
        },",8e1b4bd1-a70c-4081-b0e0-5bedb4ae5af8,20250719_100245_173e50a6_720p_22s_silent_interpolated_sequence
706766af-c9c4-4f8b-bd21-5849851c3a95,MARKOV_POET_00,2025-07-19T10:10:13.327000Z,5,False,720p,,,Keyframed Visual Continuity,b072cfc2-6718-457c-ad6f-05cae38d884a,20250719_101013_706766af_720p_39s_silent_interpolated_sequence
46782136-88da-4bc6-911a-9d5954f0ce08,MARKOV_POET_00,2025-07-19T10:24:41.399000Z,5,False,720p,"My journey brings me to Dim Bedroom, as ""External chaos and blurring vision; EX recedes. Forces the 'LEAVE' trigger."" unfolds before me. I am undergoing a Subjective Frame Recalibration, as aspects of myself : Disoriented. Through it all, I am becoming You_Falling (Engaging EX).",,"My journey brings me to Dim Bedroom, as ""External chaos and blurring vision; EX recedes. Forces the 'LEAVE' trigger."" unfolds before me. I am undergoing a Subjective Frame Recalibration, as aspects of myself : Disoriented. Through it all, I am becoming You_Falling (Engaging EX).",c81cb1b0-52a4-4137-b56f-9b2eb0132d0a,20250719_102441_46782136_720p_31s_silent_interpolated_sequence
6a9fa071-0440-4648-a91a-4825d383cf3e,MARKOV_POET_00,2025-07-19T10:27:35.870000Z,5,False,720p,,,Keyframed Visual Continuity,4cfa729a-b8d4-4a0a-ba8b-27695912c8be,20250719_102735_6a9fa071_720p_33s_silent_interpolated_sequence
5880d3a4-dd0a-4958-97bc-96a6cb7c6d5b,MARKOV_POET_00,2025-07-21T13:21:32.805000Z,5,False,720p,,,Keyframed Visual Continuity,180af6f3-626e-42e5-ab69-d4c61782c3d9,20250721_132132_5880d3a4_720p_5s_silent_interpolated_sequence
63fd3f15-2c15-409d-a94a-b07864d46497,MARKOV_POET,2025-10-19T22:58:46.301000Z,5,True,720p,,"epic drone, surreal, blessed, red engergy passion, mood","Sound: epic drone, surreal, blessed, red engergy passion, mood",5662ac9b-9af2-4a02-adea-ee95ea05bd28,20251019_225846_63fd3f15_720p_5s_audio_sound_drone_sound_fire_light_energy_epic
60c4c35f-0841-4469-acd2-f86617b250c5,MARKOV_POET,2025-10-19T22:58:55.154000Z,5,True,720p,,"drone, heavenly sound, red fire echo drone, lu,ninous, legend entry deep light","Sound: drone, heavenly sound, red fire echo drone, lu,ninous, legend entry deep light",897959e2-f9f2-43b5-b1a8-a18f21a92798,20251019_225855_60c4c35f_720p_5s_audio_sound_drone_heavenly_sound_red_fire_echo
4ed309f2-e28d-4850-9681-b789476934a6,MARKOV_POET,2025-10-19T22:59:24.444000Z,5,True,720p,,"drone, light, mood red","Sound: drone, light, mood red",2b86743e-0a82-45c8-8e8a-6ccbb3027d09,20251019_225924_4ed309f2_720p_5s_audio_sound_drone_light_mood_red
e9c18d8d-4282-4dcf-a363-c31074045570,MARKOV_POET,2025-10-19T23:05:30.128000Z,5,True,720p,,"rain, distant sounds echo of radio, 80's ambient, drone glow rain","Sound: rain, distant sounds echo of radio, 80's ambient, drone glow rain",fedbef68-b4d8-42b3-a7a0-3bc529a11ca5,20251019_230530_e9c18d8d_720p_5s_audio_sound_rain_distant_sounds_echo_of_radio
02eba2a1-e758-4688-9b7f-7b816ba4ec07,MARKOV_POET,2025-10-19T23:05:48.113000Z,5,False,720p,,,Keyframed Visual Continuity,9c734df4-883a-49ba-9647-984e2fd588d4,20251019_230548_02eba2a1_720p_5s_audio_interpolated_sequence
0b025dc2-a248-44b0-a4d7-b4751d7d3602,MARKOV_POET,2025-10-19T23:07:06.739000Z,5,True,draft,the man s head,"drowning in red light fluid, bubbling, textured, mood atmospheric","the man s head [Audio: drowning in red light fluid, bubbling, textured, mood atmospheric]",c9d310d4-c4b0-4f91-985e-8b9417b83f06,20251019_230706_0b025dc2_draft_5s_audio_sound_drowning_in_red_light_fluid_bubbli
f3088dc0-e65c-4546-9a1b-063667d5b057,MARKOV_POET,2025-10-19T23:12:05.438000Z,5,False,draft,the man turns his,,the man turns his,c55cf001-a3a5-4069-8421-4ba445a40f50,20251019_231205_f3088dc0_draft_5s_audio_interpolated_sequence
84c137db-a003-4e03-b26e-40f339b666d4,MARKOV_POET,2025-10-19T23:12:10.610000Z,5,False,draft,the dj s right hand,,the dj s right hand,24e9edde-f1cb-47d9-bc3e-f595a52f600d,20251019_231210_84c137db_draft_5s_audio_interpolated_sequence
0183fedb-4dd9-4c31-87a8-65f4126f55d4,MARKOV_POET,2025-10-19T23:12:40.223000Z,5,True,draft,the man in,"rain, drone, dope slow mo, vocoder, mood","the man in [Audio: rain, drone, dope slow mo, vocoder, mood]",216b7124-5391-40a4-9198-d5792ac25efc,20251019_231240_0183fedb_draft_5s_audio_sound_rain_drone_dope_slow_mo_vocoder_mo
6017f123-f493-4fd3-98c7-9b6573ac3596,MARKOV_POET,2025-10-19T23:14:53.076000Z,5,False,720p,,,Keyframed Visual Continuity,668e0515-96e5-446b-a8ab-52d43ad533a9,20251019_231453_6017f123_720p_5s_audio_interpolated_sequence
5bbf08ef-65af-4fc6-9284-458d4f0db21c,MARKOV_POET,2025-10-19T23:15:12.291000Z,5,False,draft,the vibrant red and,,the vibrant red and,d9a2be5f-d1db-4adc-abf1-71f66f4494ff,20251019_231512_5bbf08ef_draft_5s_audio_interpolated_sequence
ee2b1d79-4139-4341-872d-9e554ca444a1,MARKOV_POET,2025-10-19T23:18:46.562000Z,5,False,720p,,,Keyframed Visual Continuity,0b27c0ed-21c5-4ab3-b300-4db924481df0,20251019_231846_ee2b1d79_720p_5s_audio_interpolated_sequence
222c8cca-2f7c-492e-8fb7-00bb771cdeb3,MARKOV_POET,2025-10-19T23:19:55.275000Z,5,False,draft,the person s visible,,the person s visible,81a48c48-d098-4ee8-91e3-ff4d74f20746,20251019_231955_222c8cca_draft_5s_audio_interpolated_sequence
53666716-4b11-4103-a4ae-86a53110dd09,MARKOV_POET,2025-10-19T23:19:56.288000Z,5,False,720p,,,Keyframed Visual Continuity,ad1b4ef1-47bd-4373-ac9a-5ebafd4907cf,20251019_231956_53666716_720p_5s_silent_interpolated_sequence
0b99d0ac-ed91-4c16-a0bc-bb39c320db15,MARKOV_POET,2025-10-19T23:20:34.512000Z,5,True,draft,the person s eyelids,"drone, breathing, vocoder, echo, deep space","the person s eyelids [Audio: drone, breathing, vocoder, echo, deep space]",f0fb54b7-121b-463b-b58f-78a67bce6757,20251019_232034_0b99d0ac_draft_5s_audio_sound_drone_breathing_vocoder_echo_deep
9e848953-1c87-475b-acda-8c812d6d4782,MARKOV_POET,2025-10-19T23:25:08.064000Z,5,False,draft,the person s left,,the person s left,0b27c0ed-21c5-4ab3-b300-4db924481df0,20251019_232508_9e848953_draft_5s_silent_interpolated_sequence
ef876320-8cf7-417c-be61-2d810cfee1ef,MARKOV_POET,2025-10-19T23:29:01.606000Z,5,False,draft,the man on the red,,the man on the red,94d625a2-51f3-43c0-a474-a0f169c79eff,20251019_232901_ef876320_draft_5s_silent_interpolated_sequence
8acad7c0-0f12-48a7-bcf5-177308192cae,MARKOV_POET,2025-10-19T23:32:47.788000Z,5,False,720p,,,Keyframed Visual Continuity,8452a7c5-63e4-4a2b-8736-170748d6c52d,20251019_233247_8acad7c0_720p_5s_audio_interpolated_sequence
764b035a-5b9f-4f68-a1b2-5a4836c0391c,MARKOV_POET,2025-10-19T23:39:13.092000Z,5,False,720p,,,Keyframed Visual Continuity,ee8ffea8-f5fe-4c90-a5a7-3171c9ef34f5,20251019_233913_764b035a_720p_5s_audio_interpolated_sequence
b8d2065c-43c1-4a0d-add5-ae23896cb682,MARKOV_POET,2025-10-19T23:39:25.228000Z,5,False,720p,,,Keyframed Visual Continuity,d7828f88-b86e-4656-8ffb-4c1c73bdc008,20251019_233925_b8d2065c_720p_5s_audio_interpolated_sequence
34051c38-4ba9-47a8-a756-bdfb255b95a8,MARKOV_POET,2025-10-19T23:40:18.863000Z,5,True,720p,,"hearbeat, drone, light skeleton, purpose, energey","Sound: hearbeat, drone, light skeleton, purpose, energey",8f4fa883-e13a-44ba-9e7e-0bb24f20e9e3,20251019_234018_34051c38_720p_5s_audio_sound_hearbeat_drone_light_skeleton_purp
516f88fd-bbeb-4508-8ec7-98c3cc7725a4,MARKOV_POET,2025-10-19T23:40:27.858000Z,5,False,720p,,,Keyframed Visual Continuity,53c4e533-461c-425b-a559-ecd4517057cb,20251019_234027_516f88fd_720p_5s_silent_interpolated_sequence
80b32fdf-1c85-4463-8bd0-969763687db7,MARKOV_POET,2025-10-19T23:40:38.610000Z,5,False,720p,,,Keyframed Visual Continuity,ed7dece0-a796-4dfd-98f0-8e58dd49c490,20251019_234038_80b32fdf_720p_5s_silent_interpolated_sequence
f91d5823-b5c8-44e2-bd2e-c515ff90f15a,MARKOV_POET,2025-10-19T23:48:06.862000Z,5,True,draft,the man slowly lifts,"drone, surreal, tamborine, bass beat, bad ass, surreal atlantis psychadelic trap beat","the man slowly lifts [Audio: drone, surreal, tamborine, bass beat, bad ass, surreal atlantis psychadelic trap beat]",53c4e533-461c-425b-a559-ecd4517057cb,20251019_234806_f91d5823_draft_5s_audio_sound_tamborine_echo_waves_ocean_drone_b
e05d9393-7f95-45a2-b86c-8af06c3a234b,MARKOV_POET,2025-10-19T23:49:57.784000Z,5,False,draft,the flock of dark,,the flock of dark,7324552e-c6e3-4b98-912e-6b5cc032cbb3,20251019_234957_e05d9393_draft_5s_audio_interpolated_sequence
08ff0a63-d947-4d3f-906e-e61026c3637d,MARKOV_POET,2025-10-19T23:50:35.466000Z,5,False,720p,,,Keyframed Visual Continuity,4bfac7bd-63f5-40d7-b34a-95cd2bec28d2,20251019_235035_08ff0a63_720p_5s_silent_interpolated_sequence
b71779e4-0ef1-410a-892b-611281a857d9,MARKOV_POET,2025-10-19T23:55:13.261000Z,5,False,draft,the man slowly,,the man slowly,71e96d4a-36e2-47f0-8259-061b21c63f52,20251019_235513_b71779e4_draft_5s_audio_interpolated_sequence
c1d4e13c-286e-46a3-aed8-574e5ca2fcea,MARKOV_POET,2025-10-19T23:57:26.823000Z,5,False,draft,his facial muscles,,his facial muscles,4bfac7bd-63f5-40d7-b34a-95cd2bec28d2,20251019_235726_c1d4e13c_draft_5s_silent_interpolated_sequence
5edab801-01ad-44bd-8ba0-678b31ad17a8,MARKOV_POET,2025-10-19T23:57:26.862000Z,5,False,draft,subtle tension,,subtle tension,4bfac7bd-63f5-40d7-b34a-95cd2bec28d2,20251019_235726_5edab801_draft_5s_audio_interpolated_sequence
d847a1b8-c5ee-426f-8af9-3e89f9280b2a,MARKOV_POET,2025-10-19T23:59:26.014000Z,5,True,draft,the glowing red,"ocean, light, heartbreak, heart soul drone, light ocean acceptance, vocoder, echo, caretaker, african hauntology","the glowing red [Audio: ocean, light, heartbreak, heart soul drone, light ocean acceptance, vocoder, echo, caretaker, african hauntology]",0a4855bf-b9cd-4063-abee-60cca0a6d4a6,20251019_235926_d847a1b8_draft_5s_audio_sound_ocean_light_heartbreak_heart_soul
2255ec6b-eede-462e-9ac5-8ed9abe075d9,MARKOV_POET,2025-10-20T00:07:46.639000Z,5,False,720p,,,Keyframed Visual Continuity,c2c10a79-bac3-49c5-9bd0-4c35dafaf8ff,20251020_000746_2255ec6b_720p_5s_silent_interpolated_sequence
1cdf9a75-9557-4925-9d08-d5072c7bebf0,MARKOV_POET,2025-10-20T00:10:28.362000Z,5,False,draft,the distant figures,,the distant figures,8586e8c4-fee6-4cfb-b1da-672f8d74d81b,20251020_001028_1cdf9a75_draft_5s_audio_interpolated_sequence
5c7f1747-09ab-4f1e-a16c-17af2273ac5a,MARKOV_POET,2025-10-20T00:17:40.384000Z,5,False,draft,dense fog drifts,,dense fog drifts,c20d991f-a312-4da0-88ff-f2eb5accce7c,20251020_001740_5c7f1747_draft_5s_audio_interpolated_sequence
845aeac2-de24-451a-aa80-2eb59d566d6b,MARKOV_POET,2025-10-20T00:22:06.263000Z,5,False,720p,,,Keyframed Visual Continuity,04076a4b-01bc-48d3-8d15-b7ca32410ba7,20251020_002206_845aeac2_720p_5s_silent_interpolated_sequence
17b996fa-fbe4-45e5-9ab2-69205a073664,MARKOV_POET,2025-10-20T00:26:59.981000Z,5,False,720p,,,Keyframed Visual Continuity,b02e0790-fb5c-478b-a8f2-2ea7a073d481,20251020_002659_17b996fa_720p_5s_audio_interpolated_sequence
7dc53bea-b860-45c4-bc34-ae11a523b3c4,MARKOV_POET,2025-10-20T00:31:44.764000Z,5,False,720p,,,Keyframed Visual Continuity,2c7a9cd8-613e-4075-8a85-65fe5498f6eb,20251020_003144_7dc53bea_720p_5s_silent_interpolated_sequence
0107df88-5042-400d-b5e0-0c80632c6e2d,MARKOV_POET,2025-10-20T00:36:24.661000Z,5,False,draft,the luminous,,the luminous,8a808c9a-be95-44c7-a70d-75689accf0f0,20251020_003624_0107df88_draft_5s_silent_interpolated_sequence
48a7a55a-9be8-4f3a-ab98-21b74cc25b1c,MARKOV_POET,2025-10-20T01:19:07.118000Z,5,False,draft,the robed figures,,the robed figures,d7163c74-07b5-4c53-b265-4591f2a2c9db,20251020_011907_48a7a55a_draft_5s_silent_interpolated_sequence
2b779f89-5cd4-41e6-8432-f6d6be922f7e,MARKOV_POET,2025-10-20T01:26:59.233000Z,5,False,draft,the thick mist,,the thick mist,2b719fef-fd01-4ef7-b216-640a1506497a,20251020_012659_2b779f89_draft_5s_audio_interpolated_sequence
9708bfad-d99c-4a6e-97e5-dc31bdf7a990,MARKOV_POET,2025-10-20T01:28:42.209000Z,5,False,draft,the intense light,,the intense light,d8767f02-4745-45ef-99d8-7316b0a317d4,20251020_012842_9708bfad_draft_5s_audio_interpolated_sequence
068f796b-fd7e-40f8-b4d8-9acd673df00b,MARKOV_POET,2025-10-20T01:29:57.106000Z,5,True,draft,the luminous,"drone star, light, heavenly chorus drone, tender light, space echo drone, vocoder","the luminous [Audio: drone star, light, heavenly chorus drone, tender light, space echo drone, vocoder]",42d242a9-7ab3-4d3a-87fc-44f301263e9f,20251020_012957_068f796b_draft_5s_audio_sound_make_it_more_deep_dark_ocean_more
37235c7f-1334-4953-9398-2a9b747fb48a,MARKOV_POET,2025-10-20T01:31:40.539000Z,5,False,draft,the woman on the,,the woman on the,d3031d62-9c14-4057-8cb4-7d19ddc3b3fe,20251020_013140_37235c7f_draft_5s_audio_interpolated_sequence
02185971-7ee6-469b-a2c6-208f27ed2c2e,MARKOV_POET,2025-10-20T01:45:13.342000Z,5,False,720p,,,Keyframed Visual Continuity,edb0a78a-7a8a-433b-9d2a-d13ed58790e2,20251020_014513_02185971_720p_5s_audio_interpolated_sequence
6ac81cae-9d9b-41b7-9d84-fa048b05fa0e,MARKOV_POET,2025-10-20T01:47:33.333000Z,5,False,720p,,,Keyframed Visual Continuity,5d2d0130-bf12-4b3d-8ff6-0f195f95bea7,20251020_014733_6ac81cae_720p_5s_audio_interpolated_sequence
ce4762b5-3df4-4188-85dd-ea1ca32d222d,MARKOV_POET,2025-10-20T01:54:42.329000Z,5,False,draft,the dense red smoke,,the dense red smoke,547441a3-e662-4b9f-9496-85fd57d95c50,20251020_015442_ce4762b5_draft_5s_audio_interpolated_sequence
7e0bd7d0-cd1b-41ff-a8df-6b9638406ef1,MARKOV_POET,2025-10-20T03:18:06.460000Z,5,False,720p,,,Keyframed Visual Continuity,6f08d23f-4217-4230-9680-cf5b91ad6bdd,20251020_031806_7e0bd7d0_720p_5s_audio_interpolated_sequence
badaf97b-abf5-48af-8986-44966b5aff59,MARKOV_POET,2025-10-20T03:20:21.952000Z,5,True,720p,,"surreal drone, flowers","Sound: surreal drone, flowers",ad2d6445-c9d3-46b5-bef6-a726c3c95b05,20251020_032021_badaf97b_720p_5s_audio_sound_dream_surreal_drone_water
653ecfbe-7c37-4986-a452-bd0b2538d7db,MARKOV_POET,2025-10-20T03:23:16.322000Z,5,True,draft,red light trails,"vehicles zooming by, light, drone time lapse","red light trails [Audio: vehicles zooming by, light, drone time lapse]",c927ab80-7605-4330-a8ed-6da2c71f369a,20251020_032316_653ecfbe_draft_5s_audio_sound_vehicles_zooming_by_light_drone_ti
fc64e987-0f4d-4031-a4f0-4ea84af322de,MARKOV_POET,2025-10-20T03:23:22.450000Z,5,True,draft,the streaks of,"magic ride, light zooming by, time warp, morph echo","the streaks of [Audio: magic ride, light zooming by, time warp, morph echo]",08170f23-15e2-4280-8856-b179be59d70e,20251020_032322_fc64e987_draft_5s_audio_sound_magic_ride_light_zooming_by_time_w
8a9e7a1e-322f-4088-82bb-e2df137abfc0,MARKOV_POET,2025-10-20T03:23:25.781000Z,5,True,720p,,"more humble drone, glorious morph vocoder beach, light","Sound: more humble drone, glorious morph vocoder beach, light",e23a7e25-64ae-4598-9d4c-fdf1a97a8cdc,20251020_032325_8a9e7a1e_720p_5s_audio_sound_more_humble_drone_glorious_morph_v
474a21a0-548d-4004-90d5-664857af5b37,MARKOV_POET,2025-10-20T03:23:40.532000Z,5,False,draft,maintain a static,,maintain a static,212052ac-84f8-4f7b-9cc6-d91dccc35b0b,20251020_032340_474a21a0_draft_5s_audio_interpolated_sequence
eaea9d0a-4e14-4a55-a48e-8f1976b24155,MARKOV_POET,2025-10-20T03:24:59.027000Z,5,False,720p,,,Keyframed Visual Continuity,86b8d083-5f5f-40de-8ec2-6d8a53e555a2,20251020_032459_eaea9d0a_720p_5s_audio_interpolated_sequence
63d387a4-6525-4aa5-a4ff-e754de08825e,MARKOV_POET,2025-10-20T03:28:28.038000Z,5,True,draft,the two blurred,"drone, sound of morph vocoder, light, gold","the two blurred [Audio: drone, sound of morph vocoder, light, gold]",73f87428-daa1-4784-ae42-b7aacdf6fa17,20251020_032828_63d387a4_draft_5s_audio_sound_drone_sound_of_morph_vocoder_light
8daa2ef0-a269-4a58-9b37-fe40152e7a54,MARKOV_POET,2025-10-20T03:31:50.671000Z,5,False,draft,the chromatic,,the chromatic,aa0d9307-2a5b-4884-83bc-be3d71662abc,20251020_033150_8daa2ef0_draft_5s_audio_interpolated_sequence
13fee118-d732-4e17-88e9-2b0b065ecf9b,MARKOV_POET,2025-10-20T03:33:10.216000Z,5,False,720p,,,Keyframed Visual Continuity,0aac7ac8-c15c-4f2f-965a-bab8d95a5cab,20251020_033310_13fee118_720p_5s_audio_interpolated_sequence
4d3fc262-5b5b-4e6a-b408-97af1321b212,MARKOV_POET,2025-10-20T03:34:03.306000Z,5,False,draft,fresh raindrops,,fresh raindrops,073b24d2-235b-4635-9267-1a7b42778c3d,20251020_033403_4d3fc262_draft_5s_audio_interpolated_sequence
5bcf5bf5-9002-42a3-919b-c7ad33c2ca7c,MARKOV_POET,2025-10-20T03:34:11.043000Z,5,False,draft,rain continues to,,rain continues to,faf96887-37f7-4f90-8014-4a70961ad404,20251020_033411_5bcf5bf5_draft_5s_audio_interpolated_sequence
7b30f724-5914-490a-b2a9-d4d2faa6678d,MARKOV_POET,2025-10-20T03:34:43.476000Z,5,False,720p,,,Keyframed Visual Continuity,321e14c0-2201-4537-8016-b6c948d5f176,20251020_033443_7b30f724_720p_5s_silent_interpolated_sequence
afa81d04-c827-4766-82e9-c1abb76022ca,MARKOV_POET,2025-10-20T03:36:05.665000Z,5,False,draft,a lone figure slowly,,a lone figure slowly,d83197d7-f33f-462d-911d-6141e9528f98,20251020_033605_afa81d04_draft_5s_audio_interpolated_sequence
c52c52ca-9874-4ede-924d-941cd934ac55,MARKOV_POET,2025-10-20T03:36:53.590000Z,5,False,draft,the numerous red and,,the numerous red and,599bd60e-8a01-4a7f-a8fc-657c4f8788ed,20251020_033653_c52c52ca_draft_5s_audio_interpolated_sequence
6750a5d1-dcd5-4ece-ad50-6b3297a80952,MARKOV_POET,2025-10-20T03:39:22.229000Z,5,True,720p,,foot steps running down stairs,Sound: foot steps running down stairs,9ff807e6-11ab-4807-8c43-61336d0210a1,20251020_033922_6750a5d1_720p_5s_audio_sound_train_arrives_man_runs_down_stairs
b7dc3595-29af-4f5a-a127-7409cfcc7299,MARKOV_POET,2025-10-20T03:58:46.407000Z,5,False,720p,the two figures walk,,the two figures walk,fbc3fd96-34ec-447e-aa8f-d94143f26511,20251020_035846_b7dc3595_720p_9s_audio_interpolated_sequence
9c7af8fd-b5ee-46a9-96ce-2e05cb333334,MARKOV_POET,2025-10-20T04:23:03.106000Z,5,False,720p,,,Keyframed Visual Continuity,76b22247-b7ed-4dd1-a7cb-38621fea4850,20251020_042303_9c7af8fd_720p_9s_audio_interpolated_sequence
8bc45974-56d0-448a-8aa8-2ac151b2c9ff,MARKOV_POET,2025-10-20T04:52:39.462000Z,5,False,720p,the man on the red,,the man on the red,ef876320-8cf7-417c-be61-2d810cfee1ef,20251020_045239_8bc45974_720p_9s_audio_interpolated_sequence
c0323bcf-ba3e-42ed-90c2-c118e0d4b49b,MARKOV_POET,2025-10-20T04:53:22.826000Z,5,False,720p,,,Keyframed Visual Continuity,da1c997e-fecf-432d-81f0-573fd0b5d74e,20251020_045322_c0323bcf_720p_14s_audio_interpolated_sequence
4351bc7a-23e7-4e74-9136-56dbb3276426,MARKOV_POET,2025-10-20T05:01:29.373000Z,5,False,720p,,,Keyframed Visual Continuity,c0323bcf-ba3e-42ed-90c2-c118e0d4b49b,20251020_050129_4351bc7a_720p_18s_silent_interpolated_sequence
84c43938-2b51-45e5-81ac-08065830e752,MARKOV_POET,2025-10-20T06:42:57.433000Z,5,True,720p,"tvs play water ocean atlantis, lost city of atlantis, afrofuturism","drones tatic, harmonies waves, ocean peace gates, drone, calm","tvs play water ocean atlantis, lost city of atlantis, afrofuturism [Audio: drones tatic, harmonies waves, ocean peace gates, drone, calm]",d69a8a04-d04b-4615-8bf3-1ca93c87940d,20251020_064257_84c43938_720p_9s_audio_tvs_play_water_ocean_atlantis_lost_city
b38a6302-b807-4d04-a680-bf59d1d61b91,MARKOV_POET,2025-10-20T06:43:23.919000Z,5,False,720p,,,Keyframed Visual Continuity,c64f8eae-1ae6-48bd-b29a-52a7503c079a,20251020_064323_b38a6302_720p_9s_audio_interpolated_sequence
464b4dcc-a3ec-4ddb-8606-e5e5ddb4a76b,MARKOV_POET,2025-10-20T06:49:16.088000Z,5,False,720p,,,Keyframed Visual Continuity,52bdeacb-21eb-4cd8-9201-1c8561cf684f,20251020_064916_464b4dcc_720p_23s_audio_interpolated_sequence
d06fff56-177c-4592-bc05-093cbc919190,MARKOV_POET,2025-10-20T06:59:14.367000Z,5,False,720p,,,Keyframed Visual Continuity,84a456a3-58cb-4ecf-9983-f374ee214344,20251020_065914_d06fff56_720p_29s_audio_interpolated_sequence
60ea25fc-107b-4e33-969a-d58420da0a8f,MARKOV_POET,2025-10-20T07:01:37.853000Z,5,False,720p,,,Keyframed Visual Continuity,1ab410bd-befa-459f-beef-d3c34c790910,20251020_070137_60ea25fc_720p_9s_audio_interpolated_sequence
c2a64680-e24f-4062-9880-926b79919d3b,MARKOV_POET,2025-10-20T07:10:57.031000Z,5,False,720p,,,Keyframed Visual Continuity,60ea25fc-107b-4e33-969a-d58420da0a8f,20251020_071057_c2a64680_720p_14s_audio_interpolated_sequence
35855d8a-df5b-495b-95a1-292379da861e,MARKOV_POET,2025-10-20T07:19:57.152000Z,5,False,720p,,,Keyframed Visual Continuity,e4d15aa4-0d90-4bfc-b57b-6689ace099fe,20251020_071957_35855d8a_720p_14s_silent_interpolated_sequence
447a4780-d3b7-497c-9c2f-14e13baf4f11,MARKOV_POET,2025-10-20T07:23:08.979000Z,5,False,720p,the glowing red,,the glowing red,d847a1b8-c5ee-426f-8af9-3e89f9280b2a,20251020_072308_447a4780_720p_9s_audio_ocean_light_heartbreak_heart_soul_drone
10440c21-ff0a-44ac-ab9a-50d437940343,MARKOV_POET,2025-10-20T07:33:16.470000Z,5,False,720p,,,Keyframed Visual Continuity,c9627268-f792-4158-afa4-3f65d921d071,20251020_073316_10440c21_720p_9s_silent_interpolated_sequence
92cc2431-784b-4ed1-a533-0ab517e3ea59,MARKOV_POET,2025-10-20T07:39:32.973000Z,5,False,720p,,,Keyframed Visual Continuity,80b32fdf-1c85-4463-8bd0-969763687db7,20251020_073932_92cc2431_720p_9s_audio_interpolated_sequence
882db957-5a5f-4f82-a572-f9564c9b0188,MARKOV_POET,2025-10-20T07:44:33.189000Z,5,False,720p,the man slowly lifts,,the man slowly lifts,f91d5823-b5c8-44e2-bd2e-c515ff90f15a,20251020_074433_882db957_720p_9s_silent_tamborine_echo_waves_ocean_drone_beat_mi
